{
  "mnist": {
    "acc": 0.9161,
    "num_classes": 10
  },
  "svhn": {
    "acc": 0.8364320835894284,
    "num_classes": 10
  },
  "gtsrb": {
    "acc": 0.860332541567696,
    "num_classes": 43
  },
  "eurosat": {
    "acc": 0.708962962962963,
    "num_classes": 10
  },
  "dtd": {
    "acc": 0.6835106382978723,
    "num_classes": 47
  },
  "average": {
    "acc": 0.801067645283592
  }
}