{
  "mnist": {
    "acc": 0.7879,
    "num_classes": 10
  },
  "svhn": {
    "acc": 0.7486170866625691,
    "num_classes": 10
  },
  "gtsrb": {
    "acc": 0.7622327790973872,
    "num_classes": 43
  },
  "eurosat": {
    "acc": 0.6798888888888889,
    "num_classes": 10
  },
  "dtd": {
    "acc": 0.6941489361702128,
    "num_classes": 47
  },
  "average": {
    "acc": 0.7345575381638115
  }
}