{
  "mnist": {
    "acc": 0.5207,
    "num_classes": 10
  },
  "svhn": {
    "acc": 0.5687231100184389,
    "num_classes": 10
  },
  "gtsrb": {
    "acc": 0.6339667458432304,
    "num_classes": 43
  },
  "eurosat": {
    "acc": 0.6064444444444445,
    "num_classes": 10
  },
  "dtd": {
    "acc": 0.6734042553191489,
    "num_classes": 47
  },
  "average": {
    "acc": 0.6006477111250526
  }
}