{
  "mnist": {
    "acc": 0.9564,
    "num_classes": 10
  },
  "svhn": {
    "acc": 0.8797249539028887,
    "num_classes": 10
  },
  "gtsrb": {
    "acc": 0.8783847980997624,
    "num_classes": 43
  },
  "eurosat": {
    "acc": 0.6507037037037037,
    "num_classes": 10
  },
  "dtd": {
    "acc": 0.5718085106382979,
    "num_classes": 47
  },
  "average": {
    "acc": 0.7874043932689305
  }
}